BeneID,ClaimID,ClaimStartDt,ClaimEndDt,Provider,InscClaimAmtReimbursed,AttendingPhysician,OperatingPhysician,OtherPhysician,AdmissionDt,ClmAdmitDiagnosisCode,DeductibleAmtPaid,DischargeDt,DiagnosisGroupCode,ClmDiagnosisCode_1,ClmDiagnosisCode_2,ClmDiagnosisCode_3,ClmDiagnosisCode_4,ClmDiagnosisCode_5,ClmDiagnosisCode_6,ClmDiagnosisCode_7,ClmDiagnosisCode_8,ClmDiagnosisCode_9,ClmDiagnosisCode_10,ClmProcedureCode_1,ClmProcedureCode_2,ClmProcedureCode_3,ClmProcedureCode_4,ClmProcedureCode_5,ClmProcedureCode_6,ClaimType,DOB,DOD,Gender,Race,RenalDiseaseIndicator,State,County,NoOfMonths_PartACov,NoOfMonths_PartBCov,ChronicCond_Alzheimer,ChronicCond_Heartfailure,ChronicCond_KidneyDisease,ChronicCond_Cancer,ChronicCond_ObstrPulmonary,ChronicCond_Depression,ChronicCond_Diabetes,ChronicCond_IschemicHeart,ChronicCond_Osteoporasis,ChronicCond_rheumatoidarthritis,ChronicCond_stroke,IPAnnualReimbursementAmt,IPAnnualDeductibleAmt,OPAnnualReimbursementAmt,OPAnnualDeductibleAmt,PotentialFraud
BENE11001,CLM46614,2009-04-12,2009-04-18,PRV55912,26000,PHY390922,,,2009-04-12,7866,1068.0,2009-04-18,201,1970,4019,5853,7843,2768,71590,2724.0,19889,5849,,,,,,,,Inpatient,1943-01-01,,1,1,0,39,230,12,12,1,2,1,2,2,1,1,1,2,1,1,36000,3204,60,70,Yes
BENE11001,CLM66048,2009-08-31,2009-09-02,PRV55907,5000,PHY318495,PHY318495,,2009-08-31,6186,1068.0,2009-09-02,750,6186,2948,56400,,,,,,,,7092.0,,,,,,Inpatient,1943-01-01,,1,1,0,39,230,12,12,1,2,1,2,2,1,1,1,2,1,1,36000,3204,60,70,No
BENE11001,CLM68358,2009-09-17,2009-09-20,PRV56046,5000,PHY372395,,PHY324689,2009-09-17,29590,1068.0,2009-09-20,883,29623,30390,71690,34590,V1581,32723,,,,,,,,,,,Inpatient,1943-01-01,,1,1,0,39,230,12,12,1,2,1,2,2,1,1,1,2,1,1,36000,3204,60,70,No
BENE11011,CLM38412,2009-02-14,2009-02-22,PRV52405,5000,PHY369659,PHY392961,PHY349768,2009-02-14,431,1068.0,2009-02-22,67,43491,2762,7843,32723,V1041,4254,25062.0,40390,4019,,331.0,,,,,,Inpatient,1914-03-01,,2,2,0,1,360,12,12,2,1,1,2,2,1,1,2,2,1,1,5000,1068,250,320,No
BENE11014,CLM63689,2009-08-13,2009-08-30,PRV56614,10000,PHY379376,PHY398258,,2009-08-13,78321,1068.0,2009-08-30,975,42,3051,34400,5856,42732,486,5119.0,29620,20300,,3893.0,,,,,,Inpatient,1938-04-01,,2,1,Y,45,780,12,12,2,1,1,2,1,1,2,1,2,2,2,21260,2136,120,100,No
BENE11017,CLM70950,2009-10-06,2009-10-12,PRV54986,8000,PHY402711,PHY402711,PHY402711,2009-10-06,1749,1068.0,2009-10-12,597,1745,V4571,78702,28521,7019,1963,2948.0,25000,25002,,863.0,,,,,,Inpatient,1940-06-01,,2,1,0,31,270,12,12,1,1,1,1,1,2,1,1,2,1,1,22000,2136,1400,840,Yes
BENE11018,CLM32075,2009-01-02,2009-01-07,PRV54090,8000,PHY412314,PHY347494,,2009-01-02,5699,1068.0,2009-01-07,390,1536,73300,7230,3659,2859,4019,2948.0,2809,56210,,4576.0,,,,,,Inpatient,1939-10-01,,1,2,0,24,120,12,12,1,1,2,1,2,2,2,1,1,1,2,8000,1068,860,50,No
BENE11028,CLM62376,2009-08-03,2009-08-07,PRV51148,6000,PHY346286,PHY405514,,2009-08-03,78605,1068.0,2009-08-07,379,56212,25000,30000,73300,2766,53081,2851.0,4439,41401,,9904.0,,,,,,Inpatient,1941-12-01,,1,1,0,38,230,12,12,2,2,2,2,2,2,1,1,1,2,2,6000,1068,0,0,Yes
BENE11031,CLM62784,2009-08-06,2009-08-09,PRV55839,7000,PHY385030,,,2009-08-06,2859,1068.0,2009-08-09,294,42823,4280,6822,40390,43811,78322,,,,,,,,,,,Inpatient,1944-12-01,,2,1,0,38,200,12,12,2,1,1,2,2,2,2,1,1,2,2,23650,2136,40,0,No
BENE11034,CLM31519,2008-12-29,2009-01-05,PRV55215,29000,PHY355604,PHY415867,,2008-12-29,41401,1068.0,2009-01-05,262,41041,3669,V851,25062,V074,2766,4019.0,4111,4589,,3612.0,4139.0,,,,,Inpatient,1946-03-01,,2,1,0,34,760,12,12,1,1,1,2,1,1,1,1,2,1,1,131140,2136,1650,80,Yes
BENE11034,CLM57949,2009-07-01,2009-07-09,PRV55193,102000,PHY397979,PHY418257,,2009-07-01,78605,1068.0,2009-07-09,857,3842,25541,78552,2762,5849,5990,5601.0,591,51881,,9672.0,,,,,,Inpatient,1946-03-01,,2,1,0,34,760,12,12,1,1,1,2,1,1,1,1,2,1,1,131140,2136,1650,80,Yes
BENE11036,CLM70083,2009-09-30,2009-10-07,PRV51145,30000,PHY329774,,,2009-09-30,29590,1068.0,2009-10-07,876,29623,2875,27651,7245,60000,7220,53081.0,4019,30523,,,,,,,,Inpatient,1965-04-01,,1,1,0,3,90,12,12,2,2,2,2,2,1,1,1,2,1,2,30000,1068,100,20,Yes
BENE11037,CLM65412,2009-08-26,2009-08-29,PRV55846,3000,PHY363584,PHY364336,,2009-08-26,72989,1068.0,2009-08-29,30,43411,27651,2724,36236,4019,71589,42731.0,43310,,,9904.0,4019.0,,,,,Inpatient,1940-04-01,,2,1,0,38,10,12,12,1,1,2,2,2,2,1,1,1,1,1,3150,1068,160,50,No
BENE11041,CLM54944,2009-06-10,2009-06-15,PRV52283,6000,PHY382905,,,2009-06-10,49121,1068.0,2009-06-15,202,49121,2752,7812,71690,311,53081,,,,,,,,,,,Inpatient,1922-10-01,,2,1,0,10,150,12,12,2,1,1,2,1,1,1,1,2,1,2,23000,2136,620,370,Yes
BENE11041,CLM78682,2009-12-07,2009-12-13,PRV52283,17000,PHY432797,PHY432797,,2009-12-07,51881,1068.0,2009-12-13,165,51881,2859,4659,4241,5184,99811,40391.0,4275,4239,,9671.0,2724.0,,,,,Inpatient,1922-10-01,,2,1,0,10,150,12,12,2,1,1,2,1,1,1,1,2,1,2,23000,2136,620,370,Yes
BENE11045,CLM57153,2009-06-26,2009-06-30,PRV56588,9000,PHY401860,PHY392348,,2009-06-26,82100,1068.0,2009-06-30,482,82021,E8859,73300,4019,E8844,40390,27651.0,,,,7935.0,,,,,,Inpatient,1911-01-01,,2,1,0,45,390,12,12,2,1,2,2,2,1,2,2,1,2,2,9280,1068,2370,540,Yes
BENE11046,CLM34469,2009-01-19,2009-01-20,PRV56118,7000,PHY377952,,,2009-01-19,29570,1068.0,2009-01-20,882,29590,25000,5990,7823,V1749,4019,2930.0,71590,V6284,,,,,,,,Inpatient,1927-01-01,,2,1,0,39,620,12,12,2,2,2,2,2,2,1,2,2,2,2,7020,1068,0,0,No
BENE11054,CLM54477,2009-06-07,2009-06-08,PRV57191,4000,PHY398500,,,2009-06-07,V717,1068.0,2009-06-08,226,42731,496,4139,4111,78659,4019,4254.0,41401,85011,,,,,,,,Inpatient,1957-11-01,,2,1,Y,49,563,12,12,2,1,1,2,1,1,1,1,2,1,2,4000,1068,400,100,Yes
BENE11055,CLM57077,2009-06-25,2009-06-29,PRV54675,5000,PHY432444,PHY380143,PHY423511,2009-06-25,25082,1068.0,2009-06-29,627,25081,53550,4149,42832,4148,38611,4660.0,3572,40390,,3893.0,7904.0,,,,,Inpatient,1939-12-01,,2,1,0,29,10,12,12,1,1,1,2,2,1,1,1,2,2,2,16040,2136,100,20,Yes
BENE11055,CLM61587,2009-07-28,2009-08-08,PRV54676,11000,PHY391553,PHY341013,,2009-07-28,5679,1068.0,2009-08-08,346,845,28529,41401,42789,5849,V4511,51881.0,2724,3004,,8801.0,5849.0,,,,,Inpatient,1939-12-01,,2,1,0,29,10,12,12,1,1,1,2,2,1,1,1,2,2,2,16040,2136,100,20,Yes
BENE11057,CLM36789,2009-02-03,2009-03-10,PRV51393,13000,PHY326399,PHY430692,,2009-02-03,78605,,2009-03-10,167,41519,53081,486,45340,73679,42731,4185.0,7907,4150,,3995.0,,,,,,Inpatient,1933-02-01,,2,1,0,5,570,12,12,2,1,1,2,1,1,1,1,2,2,2,41080,2136,200,50,Yes
BENE11057,CLM38115,2009-02-12,2009-02-18,PRV51342,10000,PHY375861,,,2009-02-12,0389,,2009-02-18,853,99591,78552,V4511,2760,27651,486,41071.0,25000,2859,,,,,,,,Inpatient,1933-02-01,,2,1,0,5,570,12,12,2,1,1,2,1,1,1,1,2,2,2,41080,2136,200,50,No
BENE11057,CLM41414,2009-03-06,2009-03-08,PRV55834,11000,PHY353046,PHY314847,,2009-03-06,4139,1068.0,2009-03-08,247,41401,4019,3051,V4582,4439,V4501,25000.0,V1582,4148,,66.0,4019.0,,,,,Inpatient,1933-02-01,,2,1,0,5,570,12,12,2,1,1,2,1,1,1,1,2,2,2,41080,2136,200,50,No
BENE11065,CLM60246,2009-07-19,2009-07-22,PRV51578,5000,PHY378170,,,2009-07-19,78097,1068.0,2009-07-22,198,486,42731,2948,73710,412,25000,27651.0,V4501,49392,,,,,,,,Inpatient,1925-07-01,,1,1,Y,14,141,12,12,1,1,2,2,2,2,1,1,2,2,2,5000,1068,300,1170,Yes
BENE11066,CLM75192,2009-11-09,2009-11-11,PRV53937,15000,PHY360447,PHY411770,PHY357982,2009-11-09,59971,1068.0,2009-11-11,688,5990,78829,53081,41401,5845,4280,591.0,V1301,59971,,9904.0,5849.0,,,,,Inpatient,1936-03-01,,1,1,0,23,620,12,12,1,1,1,2,2,2,2,1,2,2,2,15000,1068,560,660,Yes
